{
  "version": 1,
  "dependencies": [
    {
      "source": {
        "git": {
          "remote": "https://github.com/brancz/kubernetes-grafana",
          "subdir": "grafana"
        }
      },
      "version": "90f38916f1f8a310a715d18e36f787f84df4ddf5"
    },
    {
      "source": {
        "git": {
          "remote": "https://github.com/etcd-io/etcd",
          "subdir": "contrib/mixin"
        }
      },
      "version": "release-3.5"
    },
    {
      "source": {
        "git": {
          "remote": "https://github.com/prometheus-operator/prometheus-operator",
          "subdir": "jsonnet/prometheus-operator"
        }
      },
      "version": "release-0.50"
    },
    {
      "source": {
        "git": {
          "remote": "https://github.com/prometheus-operator/prometheus-operator",
          "subdir": "jsonnet/mixin"
        }
      },
      "version": "release-0.50",
      "name": "prometheus-operator-mixin"
    },
    {
      "source": {
        "git": {
          "remote": "https://github.com/kubernetes-monitoring/kubernetes-mixin",
          "subdir": ""
        }
      },
      "version": "release-0.9"
    },
    {
      "source": {
        "git": {
          "remote": "https://github.com/kubernetes/kube-state-metrics",
          "subdir": "jsonnet/kube-state-metrics"
        }
      },
      "version": "release-2.1"
    },
    {
      "source": {
        "git": {
          "remote": "https://github.com/kubernetes/kube-state-metrics",
          "subdir": "jsonnet/kube-state-metrics-mixin"
        }
      },
      "version": "release-2.1"
    },
    {
      "source": {
        "git": {
          "remote": "https://github.com/prometheus/node_exporter",
          "subdir": "docs/node-mixin"
        }
      },
      "version": "832909dd257eb368cf83363ffcae3ab84cb4bcb1"
    },
    {
      "source": {
        "git": {
          "remote": "https://github.com/prometheus/prometheus",
          "subdir": "documentation/prometheus-mixin"
        }
      },
      "version": "751ca03faddc9c64089c41d0da370a3a0b477742",
      "name": "prometheus"
    },
    {
      "source": {
        "git": {
          "remote": "https://github.com/prometheus/alertmanager",
          "subdir": "doc/alertmanager-mixin"
        }
      },
      "version": "b408b522bc653d014e53035e59fa394cc1edd762",
      "name": "alertmanager"
    },
    {
      "source": {
        "git": {
          "remote": "https://github.com/thanos-io/thanos",
          "subdir": "mixin"
        }
      },
      "version": "release-0.22",
      "name": "thanos-mixin"
    }
  ],
  "legacyImports": true
}
